,CI,Key,Level,MSE,Model,STD,Upper_Bounds
0,0.15236342638663486,4_0,4,0.5391397295794337,H+wind_speed+air_pressure+Sedge,0.12948567495650343,0.6915031559660685
1,0.07486244795525065,1_0,1,1.0061055936430672,H,0.24132304892355214,1.0809680415983178
2,0.07885460225218868,1_1,1,1.0144729937207284,wind_speed,0.2541919688296474,1.0933275959729172
3,0.07965409365178688,1_2,1,1.0011300846787352,air_pressure,0.25676917151816386,1.080784178330522
4,0.060478124337615284,1_3,1,0.868815278200724,Sedge,0.19495442317161585,0.9292934025383393
